<log4net>
  <appender name="ConsoleAppender" type="log4net.Appender.ConsoleAppender">
    <filter type="log4net.Filter.LoggerMatchFilter">
      <loggerToMatch value="UniversalRobotsConnect.RobotModel" />
      <acceptOnMatch value="false" />
    </filter>
    <layout type="log4net.Layout.PatternLayout">
      <conversionPattern value="%-4timestamp [%thread] %-5level %logger - %message%newline" />
    </layout>
  
  </appender>

  <appender name="eventFileLog" type="log4net.Appender.RollingFileAppender">
    <filter type="log4net.Filter.LoggerMatchFilter">
      <loggerToMatch value="UniversalRobotsConnect.RobotModel" />
      <acceptOnMatch value="false" />
    </filter>
    <file value="..\..\..\event.log" />
    <appendToFile value="true" />
    <maximumFileSize value="1000KB" />
    <layout type="log4net.Layout.PatternLayout">
      <conversionPattern value="%date{ABSOLUTE} [%thread] %-5level %logger - %message%newline" />
    </layout>
  </appender>
  
  <appender name="dataFileLog" type="log4net.Appender.RollingFileAppender">
    <file value="..\..\..\data.log" />
    <appendToFile value="true" />
    <maximumFileSize value="1000KB" />
    <layout type="log4net.Layout.PatternLayout">
      <conversionPattern value="%date{ABSOLUTE}, %message%newline" />
    </layout>
  </appender>

  <root>
    <level value="ALL" />
    <appender-ref ref="ConsoleAppender" />
    <appender-ref ref="eventFileLog" />
  </root>
  <logger name="UniversalRobotsConnect.RobotModel">
    <level value="All" />
    <appender-ref ref="dataFileLog" />
  </logger>
</log4net>